<?xml version='1.0' encoding='UTF-8'?>
<?artifactRepository version='1.1.0'?>
<repository name='file:/C:/Users/ynarimeta/AnypointStudio/new_workspace/custom-connector/target/update-site/ - artifacts' type='org.eclipse.equinox.p2.artifact.repository.simpleRepository' version='1'>
  <properties size='2'>
    <property name='p2.timestamp' value='1499754375644'/>
    <property name='p2.compressed' value='false'/>
  </properties>
  <mappings size='3'>
    <rule filter='(&amp; (classifier=osgi.bundle))' output='${repoUrl}/plugins/${id}_${version}.jar'/>
    <rule filter='(&amp; (classifier=binary))' output='${repoUrl}/binary/${id}_${version}'/>
    <rule filter='(&amp; (classifier=org.eclipse.update.feature))' output='${repoUrl}/features/${id}_${version}.jar'/>
  </mappings>
  <artifacts size='2'>
    <artifact classifier='osgi.bundle' id='org.mule.tooling.ui.contribution.custom.3.5.0' version='1.0.0.201707111156'>
      <properties size='3'>
        <property name='artifact.size' value='330150'/>
        <property name='download.size' value='330150'/>
        <property name='download.md5' value='5277c6a226ae1f82304239617f3969d0'/>
      </properties>
    </artifact>
    <artifact classifier='org.eclipse.update.feature' id='org.mule.tooling.ui.extension.custom-connector.3.5.0' version='1.0.0.201707111156'>
      <properties size='4'>
        <property name='artifact.size' value='645'/>
        <property name='download.size' value='645'/>
        <property name='download.md5' value='f29af9a59f82b436cec8398be0a5572d'/>
        <property name='download.contentType' value='application/zip'/>
      </properties>
    </artifact>
  </artifacts>
</repository>
